id,title,old_url,new_url
344,24 Surprising Things You Can Buy With Your FSA and HSA,https://godaylii.com/24-hsa-fsa-eligible-expenses/,https://iq.godaylii.com/articles/24-hsa-fsa-eligible-expenses/
416,AI for FSA and HSA: A Smarter Way to Manage Money,https://godaylii.com/ai-for-fsa-hsa/,https://iq.godaylii.com/articles/ai-for-fsa-hsa/
991,AI FSA Management: Transforming Pre-Tax Healthcare for Keeps,https://godaylii.com/ai-fsa-management-transforming-pre-tax-healthcare/,https://iq.godaylii.com/articles/ai-fsa-management-transforming-pre-tax-healthcare/
406,AI Health Benefits Management: A Clear Guide,https://godaylii.com/ai-health-benefits-management/,https://iq.godaylii.com/articles/ai-health-benefits-management/
396,How an AI Health Finance Assistant Saves You Money,https://godaylii.com/ai-health-finance-assistant/,https://iq.godaylii.com/articles/ai-health-finance-assistant/
402,Top 5 AI Healthcare Automation Tools Reviewed,https://godaylii.com/ai-healthcare-automation-tools/,https://iq.godaylii.com/articles/ai-healthcare-automation-tools/
540,5 Best AI Healthcare Spending Platforms to Know,https://godaylii.com/ai-healthcare-spending-platforms/,https://iq.godaylii.com/articles/ai-healthcare-spending-platforms/
763,Your Guide to Amazon HSA Eligible Products,https://godaylii.com/amazon-hsa-eligible-products/,https://iq.godaylii.com/articles/amazon-hsa-eligible-products/
881,Are Air Purifiers FSA Eligible? LMN Rules,https://godaylii.com/are-air-purifiers-fsa-eligible/,https://iq.godaylii.com/articles/are-air-purifiers-fsa-eligible/
855,Are Blood Pressure Monitors FSA Eligible? Guide,https://godaylii.com/are-blood-pressure-monitors-fsa-eligible/,https://iq.godaylii.com/articles/are-blood-pressure-monitors-fsa-eligible/
1020,Are Diapers FSA Eligible? A Parent’s Complete Guide,https://godaylii.com/are-diapers-fsa-eligible/,https://iq.godaylii.com/articles/are-diapers-fsa-eligible/
883,Are Eye Drops FSA Eligible? OTC Rules,https://godaylii.com/are-eye-drops-fsa-eligible/,https://iq.godaylii.com/articles/are-eye-drops-fsa-eligible/
866,Are Fertility Treatments HSA Eligible? Expense Guide,https://godaylii.com/are-fertility-treatments-hsa-eligible/,https://iq.godaylii.com/articles/are-fertility-treatments-hsa-eligible/
857,"Are Hearing Aids FSA Eligible? Costs, Claims, Receipts",https://godaylii.com/are-hearing-aids-fsa-eligible/,https://iq.godaylii.com/articles/are-hearing-aids-fsa-eligible/
468,Are HSA Contributions Subject to FICA? A Simple Guide,https://godaylii.com/are-hsa-contributions-subject-to-fica/,https://iq.godaylii.com/articles/are-hsa-contributions-subject-to-fica/
870,Are Incontinence Supplies FSA Eligible? Guide,https://godaylii.com/are-incontinence-supplies-fsa-eligible/,https://iq.godaylii.com/articles/are-incontinence-supplies-fsa-eligible/
846,Are Massage Guns FSA or HSA Eligible?,https://godaylii.com/are-massage-guns-fsa-or-hsa-eligible/,https://iq.godaylii.com/articles/are-massage-guns-fsa-or-hsa-eligible/
861,Are Menstrual Products FSA Eligible? CARES Act Guide,https://godaylii.com/are-menstrual-products-fsa-eligible/,https://iq.godaylii.com/articles/are-menstrual-products-fsa-eligible/
892,Are Orthopedic Shoes HSA Eligible? LMN Rules,https://godaylii.com/are-orthopedic-shoes-hsa-eligible/,https://iq.godaylii.com/articles/are-orthopedic-shoes-hsa-eligible/
829,Are Orthotics FSA Eligible? Inserts and LMN Rules,https://godaylii.com/are-orthotics-fsa-eligible/,https://iq.godaylii.com/articles/are-orthotics-fsa-eligible/
899,Are Pulse Oximeters FSA Eligible? Rules,https://godaylii.com/are-pulse-oximeters-fsa-eligible/,https://iq.godaylii.com/articles/are-pulse-oximeters-fsa-eligible/
453,Are Supplements HSA Eligible? A Clear Guide,https://godaylii.com/are-supplements-hsa-eligible/,https://iq.godaylii.com/articles/are-supplements-hsa-eligible/
451,Are Vitamins FSA Eligible? A Complete Guide,https://godaylii.com/are-vitamins-fsa-eligible/,https://iq.godaylii.com/articles/are-vitamins-fsa-eligible/
548,How to Automate Health Benefit Claims: A Quick Guide,https://godaylii.com/automate-health-benefit-claims/,https://iq.godaylii.com/articles/automate-health-benefit-claims/
550,A Guide to Automated FSA Reimbursement Tools,https://godaylii.com/automated-fsa-reimbursement-guide/,https://iq.godaylii.com/articles/automated-fsa-reimbursement-guide/
309,The Tax-Saving Benefits of an FSA Account,https://godaylii.com/benefits-of-an-fsa-account/,https://iq.godaylii.com/articles/benefits-of-an-fsa-account/
438,The Benefits of an FSA: A Simple Tax-Saving Guide,https://godaylii.com/benefits-of-an-fsa/,https://iq.godaylii.com/articles/benefits-of-an-fsa/
445,Your Guide to the Benefits of a Dependent Care FSA,https://godaylii.com/benefits-of-dependent-care-fsa/,https://iq.godaylii.com/articles/benefits-of-dependent-care-fsa/
538,3 Key Benefits of an FSA Account You Should Know,https://godaylii.com/benefits-of-fsa-account/,https://iq.godaylii.com/articles/benefits-of-fsa-account/
394,30+ Best FSA Eligible Products to Stock Up On in 2025,https://godaylii.com/best-fsa-eligible-products-2025/,https://iq.godaylii.com/articles/best-fsa-eligible-products-2025/
1010,Best FSA Eligible Products: A Curated Shopping Guide for 2026,https://godaylii.com/best-fsa-eligible-products-guide/,https://iq.godaylii.com/articles/best-fsa-eligible-products-guide/
556,The Best FSA Products for Wellness You Can Actually Buy,https://godaylii.com/best-fsa-products-wellness/,https://iq.godaylii.com/articles/best-fsa-products-wellness/
723,6 Smart FSA Store Alternative Options to Use,https://godaylii.com/best-fsa-store-alternative/,https://iq.godaylii.com/articles/best-fsa-store-alternative/
733,8 FSA Store Alternatives for Smarter Spending,https://godaylii.com/best-fsa-store-alternatives/,https://iq.godaylii.com/articles/best-fsa-store-alternatives/
418,The 5 Best HSA Accounts: A Simple Comparison,https://godaylii.com/best-hsa-accounts/,https://iq.godaylii.com/articles/best-hsa-accounts/
544,The 6 Best HSA Reimbursement Apps We Tested,https://godaylii.com/best-hsa-reimbursement-apps/,https://iq.godaylii.com/articles/best-hsa-reimbursement-apps/
911,Blood Glucose Monitor FSA Eligible Shopping Guide,https://godaylii.com/blood-glucose-monitor-fsa-eligible/,https://iq.godaylii.com/articles/blood-glucose-monitor-fsa-eligible/
629,The Employer’s Guide to Cafeteria Plan Section 125,https://godaylii.com/cafeteria-plan-section-125/,https://iq.godaylii.com/articles/cafeteria-plan-section-125/
699,Can Dependents Use HSA? A Clear Guide to the Rules,https://godaylii.com/can-dependents-use-hsa/,https://iq.godaylii.com/articles/can-dependents-use-hsa/
695,Can HSA Pay Premiums? The 4 Times It’s Allowed,https://godaylii.com/can-hsa-pay-premiums/,https://iq.godaylii.com/articles/can-hsa-pay-premiums/
430,Can I Buy Vitamins With HSA? What You Need to Know,https://godaylii.com/can-i-buy-vitamins-with-hsa/,https://iq.godaylii.com/articles/can-i-buy-vitamins-with-hsa/
752,Use an FSA Card on Amazon Without Checkout Problems,https://godaylii.com/can-i-use-my-fsa-card-on-amazon/,https://iq.godaylii.com/articles/can-i-use-my-fsa-card-on-amazon/
436,Can I Withdraw Money From My HSA? A Simple Guide,https://godaylii.com/can-i-withdraw-money-hsa/,https://iq.godaylii.com/articles/can-i-withdraw-money-hsa/
387,Can You Have Multiple HSA Accounts? A Simple Guide,https://godaylii.com/can-you-have-multiple-hsa-accounts/,https://iq.godaylii.com/articles/can-you-have-multiple-hsa-accounts/
482,Can You Pay for Therapy with FSA? A Complete Guide,https://godaylii.com/can-you-pay-for-therapy-with-fsa/,https://iq.godaylii.com/articles/can-you-pay-for-therapy-with-fsa/
512,Can You Use HSA for Botox? A Simple Guide,https://godaylii.com/can-you-use-hsa-for-botox/,https://iq.godaylii.com/articles/can-you-use-hsa-for-botox/
478,Can You Use HSA for Laser Skin Treatment?,https://godaylii.com/can-you-use-hsa-laser/,https://iq.godaylii.com/articles/can-you-use-hsa-laser/
432,Can You Withdraw Cash From HSA? Here’s How,https://godaylii.com/can-you-withdraw-cash-hsa/,https://iq.godaylii.com/articles/can-you-withdraw-cash-hsa/
834,FSA Eligible Products: How to Know Before You Buy,https://godaylii.com/check-fsa-eligible-products/,https://iq.godaylii.com/articles/check-fsa-eligible-products/
913,COVID test FSA eligible: At-home test rules,https://godaylii.com/covid-test-fsa-eligible/,https://iq.godaylii.com/articles/covid-test-fsa-eligible/
779,Your Smart Guide to CVS HSA Eligible Items,https://godaylii.com/cvs-hsa-eligible-items/,https://iq.godaylii.com/articles/cvs-hsa-eligible-items/
428,The Difference Between FSA and HSA: A Simple Guide,https://godaylii.com/difference-between-fsa-hsa/,https://iq.godaylii.com/articles/difference-between-fsa-hsa/
440,What’s the Difference Between an HSA and an FSA?,https://godaylii.com/difference-between-hsa-fsa/,https://iq.godaylii.com/articles/difference-between-hsa-fsa/
536,What Is a Digital FSA Claims App? A Simple Guide,https://godaylii.com/digital-fsa-claims-app-guide/,https://iq.godaylii.com/articles/digital-fsa-claims-app-guide/
534,5 Best Digital FSA Claims Apps for Faster Payouts,https://godaylii.com/digital-fsa-claims-apps/,https://iq.godaylii.com/articles/digital-fsa-claims-apps/
480,Does FSA Cover Botox? How to Get It Approved,https://godaylii.com/does-fsa-cover-botox/,https://iq.godaylii.com/articles/does-fsa-cover-botox/
472,Does FSA Cover Therapy? Your Complete Guide,https://godaylii.com/does-fsa-cover-therapy/,https://iq.godaylii.com/articles/does-fsa-cover-therapy/
741,Does a Letter of Medical Necessity Expire? Key Dates,https://godaylii.com/does-letter-of-medical-necessity-expire/,https://iq.godaylii.com/articles/does-letter-of-medical-necessity-expire/
919,How EHR FSA Eligibility Automates Pre-Tax Healthcare,https://godaylii.com/ehr-fsa-eligibility-medical-necessity/,https://iq.godaylii.com/articles/ehr-fsa-eligibility-medical-necessity/
701,Your Guide to Employee Benefits Self Service,https://godaylii.com/employee-benefits-self-service/,https://iq.godaylii.com/articles/employee-benefits-self-service/
524,Are Employee Paid Health Insurance Premiums Subject to FICA?,https://godaylii.com/employee-health-insurance-fica/,https://iq.godaylii.com/articles/employee-health-insurance-fica/
315,Can You Use Your FSA for Cosmetic Surgery?,https://godaylii.com/flex-spending-account-cosmetic-surgery/,https://iq.godaylii.com/articles/flex-spending-account-cosmetic-surgery/
378,What Is a Flexible Spending Account? A Simple Guide,https://godaylii.com/flexible-spending-account-guide/,https://iq.godaylii.com/articles/flexible-spending-account-guide/
307,Can a Flexible Spending Account Cover a Gym Membership?,https://godaylii.com/flexible-spending-account-gym/,https://iq.godaylii.com/articles/flexible-spending-account-gym/
305,Flexible Spending Account Pros and Cons: A Simple Guide,https://godaylii.com/flexible-spending-account-pros-cons/,https://iq.godaylii.com/articles/flexible-spending-account-pros-cons/
376,How to Use Your FSA for Therapy: A Simple Guide,https://godaylii.com/flexible-spending-account-therapy/,https://iq.godaylii.com/articles/flexible-spending-account-therapy/
340,Flexible Spending Account vs HSA: How to Choose,https://godaylii.com/flexible-spending-account-vs-hsa/,https://iq.godaylii.com/articles/flexible-spending-account-vs-hsa/
390,Flexible Spending Accounts (FSA): A Simple Guide,https://godaylii.com/flexible-spending-accounts-fsa/,https://iq.godaylii.com/articles/flexible-spending-accounts-fsa/
470,A Clear Guide to Flores FSA Eligible Items,https://godaylii.com/flores-fsa-eligible-items/,https://iq.godaylii.com/articles/flores-fsa-eligible-items/
351,FSA Account vs HSA: Which Is Best for Your Money?,https://godaylii.com/fsa-account-vs-hsa/,https://iq.godaylii.com/articles/fsa-account-vs-hsa/
1012,FSA Allergy Medicine: Complete Guide to Covered Treatments,https://godaylii.com/fsa-allergy-medicine-guide/,https://iq.godaylii.com/articles/fsa-allergy-medicine-guide/
815,FSA Approved Items vs. FSA Eligible Expenses: What’s the Difference?,https://godaylii.com/fsa-approved-items-vs-eligible-expenses/,https://iq.godaylii.com/articles/fsa-approved-items-vs-eligible-expenses/
554,FSA Bundles for Health: A Smarter Way to Spend,https://godaylii.com/fsa-bundles-for-health/,https://iq.godaylii.com/articles/fsa-bundles-for-health/
827,FSA Card Declined? Why It Happens and Fast Fixes,https://godaylii.com/fsa-card-declined/,https://iq.godaylii.com/articles/fsa-card-declined/
484,FSA Card Not Working? Here’s What to Do Next,https://godaylii.com/fsa-card-not-working/,https://iq.godaylii.com/articles/fsa-card-not-working/
546,Your Simple Guide to FSA Claims Automation,https://godaylii.com/fsa-claims-automation-guide/,https://iq.godaylii.com/articles/fsa-claims-automation-guide/
564,FSA Claims Management Tool: What It Is & How It Works,https://godaylii.com/fsa-claims-management-tool/,https://iq.godaylii.com/articles/fsa-claims-management-tool/
466,FSA Commuter Benefits Explained: A Simple Guide,https://godaylii.com/fsa-commuter-benefits-guide/,https://iq.godaylii.com/articles/fsa-commuter-benefits-guide/
906,FSA Deadline 2026: What to Do Before Your Benefits Expire,https://godaylii.com/fsa-deadline-2026-what-to-do-before-benefits-expire/,https://iq.godaylii.com/articles/fsa-deadline-2026-what-to-do-before-benefits-expire/
836,FSA eligible acne treatment: What Qualifies,https://godaylii.com/fsa-eligible-acne-treatment/,https://iq.godaylii.com/articles/fsa-eligible-acne-treatment/
807,FSA Eligible Allergy Medicine: Seasonal Guide,https://godaylii.com/fsa-eligible-allergy-medicine/,https://iq.godaylii.com/articles/fsa-eligible-allergy-medicine/
825,FSA Eligible Baby Products: A Parent Guide,https://godaylii.com/fsa-eligible-baby-products/,https://iq.godaylii.com/articles/fsa-eligible-baby-products/
657,How to Buy FSA Eligible Blue Light Glasses,https://godaylii.com/fsa-eligible-blue-light-glasses/,https://iq.godaylii.com/articles/fsa-eligible-blue-light-glasses/
1015,FSA Eligible Breast Pump: A Complete Coverage Guide,https://godaylii.com/fsa-eligible-breast-pump-guide/,https://iq.godaylii.com/articles/fsa-eligible-breast-pump-guide/
631,FSA Eligible Breast Pump: A Complete Guide,https://godaylii.com/fsa-eligible-breast-pump/,https://iq.godaylii.com/articles/fsa-eligible-breast-pump/
635,A Simple Guide to FSA Eligible Compression Socks,https://godaylii.com/fsa-eligible-compression-socks/,https://iq.godaylii.com/articles/fsa-eligible-compression-socks/
777,FSA Eligible Contact Lenses: Rules and Receipts,https://godaylii.com/fsa-eligible-contact-lenses/,https://iq.godaylii.com/articles/fsa-eligible-contact-lenses/
653,FSA Eligible Contact Solution: A Complete Guide,https://godaylii.com/fsa-eligible-contact-solution/,https://iq.godaylii.com/articles/fsa-eligible-contact-solution/
790,FSA Eligible CPAP Supplies: Complete Guide,https://godaylii.com/fsa-eligible-cpap-supplies/,https://iq.godaylii.com/articles/fsa-eligible-cpap-supplies/
781,FSA Eligible Dental Expenses: What Qualifies?,https://godaylii.com/fsa-eligible-dental-expenses/,https://iq.godaylii.com/articles/fsa-eligible-dental-expenses/
949,"FSA Eligible Diabetes Supplies: CGMs, Insulin, and More",https://godaylii.com/fsa-eligible-diabetes-supplies-complete-guide/,https://iq.godaylii.com/articles/fsa-eligible-diabetes-supplies-complete-guide/
665,FSA Eligible Face Masks: What Really Qualifies?,https://godaylii.com/fsa-eligible-face-masks/,https://iq.godaylii.com/articles/fsa-eligible-face-masks/
717,Your Guide to FSA Eligible First Aid Supplies,https://godaylii.com/fsa-eligible-first-aid/,https://iq.godaylii.com/articles/fsa-eligible-first-aid/
679,FSA Eligible Hand Sanitizer: A Simple Guide,https://godaylii.com/fsa-eligible-hand-sanitizer/,https://iq.godaylii.com/articles/fsa-eligible-hand-sanitizer/
641,FSA Eligible Heating Pad: A Complete Guide,https://godaylii.com/fsa-eligible-heating-pad/,https://iq.godaylii.com/articles/fsa-eligible-heating-pad/
1003,FSA Eligible Items: The Complete A-Z List for 2026,https://godaylii.com/fsa-eligible-items-complete-guide-2026/,https://iq.godaylii.com/articles/fsa-eligible-items-complete-guide-2026/
623,FSA-Eligible Items Explained: A Simple Guide,https://godaylii.com/fsa-eligible-items-guide/,https://iq.godaylii.com/articles/fsa-eligible-items-guide/
705,Your Guide to FSA Eligible Pain Relief Items,https://godaylii.com/fsa-eligible-pain-relief/,https://iq.godaylii.com/articles/fsa-eligible-pain-relief/
671,Our Top 5 FSA Eligible Posture Correctors,https://godaylii.com/fsa-eligible-posture-corrector/,https://iq.godaylii.com/articles/fsa-eligible-posture-corrector/
689,5 Best FSA-Eligible Pregnancy Tests & How to Buy,https://godaylii.com/fsa-eligible-pregnancy-tests/,https://iq.godaylii.com/articles/fsa-eligible-pregnancy-tests/
637,A Simple Guide to FSA Eligible Prenatal Vitamins,https://godaylii.com/fsa-eligible-prenatal-vitamins/,https://iq.godaylii.com/articles/fsa-eligible-prenatal-vitamins/
719,FSA Eligible Products: What’s Covered & What’s Not,https://godaylii.com/fsa-eligible-products-guide/,https://iq.godaylii.com/articles/fsa-eligible-products-guide/
588,What FSA Eligible Products Can You Actually Buy?,https://godaylii.com/fsa-eligible-products-list/,https://iq.godaylii.com/articles/fsa-eligible-products-list/
681,FSA Eligible Shower Chairs: What’s Covered and How to Buy,https://godaylii.com/fsa-eligible-shower-chair/,https://iq.godaylii.com/articles/fsa-eligible-shower-chair/
693,The Best FSA Eligible Sunscreen Products to Buy,https://godaylii.com/fsa-eligible-sunscreen-products/,https://iq.godaylii.com/articles/fsa-eligible-sunscreen-products/
645,FSA Eligible TENS Unit: A Complete Buyer’s Guide,https://godaylii.com/fsa-eligible-tens-unit/,https://iq.godaylii.com/articles/fsa-eligible-tens-unit/
831,FSA Eligible Thermometer: What Counts and How to Buy,https://godaylii.com/fsa-eligible-thermometer/,https://iq.godaylii.com/articles/fsa-eligible-thermometer/
1018,FSA Eligible Vision Care: What’s Covered and How to Use It,https://godaylii.com/fsa-eligible-vision-care/,https://iq.godaylii.com/articles/fsa-eligible-vision-care/
982,FSA Eligible Vitamins: Guide to IRS Rules and Coverage,https://godaylii.com/fsa-eligible-vitamins-guide/,https://iq.godaylii.com/articles/fsa-eligible-vitamins-guide/
420,FSA Employee Benefits: A Guide to Saving Money,https://godaylii.com/fsa-employee-benefits-guide/,https://iq.godaylii.com/articles/fsa-employee-benefits-guide/
994,FSA First Aid Kit Guide: Eligible Supplies and Shopping Tips,https://godaylii.com/fsa-first-aid-kit-eligible-supplies-guide/,https://iq.godaylii.com/articles/fsa-first-aid-kit-eligible-supplies-guide/
604,Why Americans Lose $4 Billion in FSA Funds Every Year — And How to Keep Yours,https://godaylii.com/fsa-forfeiture/,https://iq.godaylii.com/articles/fsa-forfeiture/
823,FSA Grace Period vs Carryover: Avoid Lost Funds,https://godaylii.com/fsa-grace-period-vs-carryover/,https://iq.godaylii.com/articles/fsa-grace-period-vs-carryover/
560,FSA vs. HSA Benefits: Which Is Right for You?,https://godaylii.com/fsa-hsa-benefits-guide/,https://iq.godaylii.com/articles/fsa-hsa-benefits-guide/
703,The Ultimate List of FSA HSA Card Eligible Stores,https://godaylii.com/fsa-hsa-card-eligible-stores/,https://iq.godaylii.com/articles/fsa-hsa-card-eligible-stores/
311,FSA and HSA Eligibility Criteria: Are You Qualified?,https://godaylii.com/fsa-hsa-eligibility/,https://iq.godaylii.com/articles/fsa-hsa-eligibility/
586,17 Surprising FSA HSA Eligible Products Only,https://godaylii.com/fsa-hsa-eligible-products-only/,https://iq.godaylii.com/articles/fsa-hsa-eligible-products-only/
503,The Ultimate Guide to FSA HSA Eligible Products,https://godaylii.com/fsa-hsa-eligible-products/,https://iq.godaylii.com/articles/fsa-hsa-eligible-products/
584,6 Best FSA HSA Shopping Platforms Reviewed,https://godaylii.com/fsa-hsa-shopping-platforms/,https://iq.godaylii.com/articles/fsa-hsa-shopping-platforms/
972,Can I Use My FSA or HSA With Medicare? Rules to Know,https://godaylii.com/fsa-hsa-with-medicare-rules-eligible-expenses/,https://iq.godaylii.com/articles/fsa-hsa-with-medicare-rules-eligible-expenses/
408,Your Guide to Simple and Smart FSA Management,https://godaylii.com/fsa-management-guide/,https://iq.godaylii.com/articles/fsa-management-guide/
921,FSA Management for Progressive Employers: A 2026 Guide,https://godaylii.com/fsa-management-progressive-employers/,https://iq.godaylii.com/articles/fsa-management-progressive-employers/
625,Your Complete Guide to an FSA Marketplace Online,https://godaylii.com/fsa-marketplace-online-guide/,https://iq.godaylii.com/articles/fsa-marketplace-online-guide/
989,FSA Mental Health Services: Your Guide to Therapy Coverage,https://godaylii.com/fsa-mental-health-services-therapy-coverage-guide/,https://iq.godaylii.com/articles/fsa-mental-health-services-therapy-coverage-guide/
965,FSA Open Enrollment 2026: How to Pick Your Contribution,https://godaylii.com/fsa-open-enrollment-2026-choose-contribution/,https://iq.godaylii.com/articles/fsa-open-enrollment-2026-choose-contribution/
492,FSA Plastic Surgery: What’s Covered & What’s Not,https://godaylii.com/fsa-plastic-surgery-guide/,https://iq.godaylii.com/articles/fsa-plastic-surgery-guide/
999,FSA Prenatal Supplies: Complete Guide to Eligible Pregnancy Items,https://godaylii.com/fsa-prenatal-supplies-guide/,https://iq.godaylii.com/articles/fsa-prenatal-supplies-guide/
924,FSA Receipt OCR: Eliminating Manual Claims Processing,https://godaylii.com/fsa-receipt-ocr-eliminating-manual-claims/,https://iq.godaylii.com/articles/fsa-receipt-ocr-eliminating-manual-claims/
785,"FSA Reimbursement Guide: Receipts, Deadlines, and Auto-Submission Basics",https://godaylii.com/fsa-reimbursement-guide/,https://iq.godaylii.com/articles/fsa-reimbursement-guide/
594,FSA Reimbursement Process: A Step-by-Step Guide,https://godaylii.com/fsa-reimbursement-process-guide/,https://iq.godaylii.com/articles/fsa-reimbursement-process-guide/
721,The 10+ Best FSA Store Alternative Options,https://godaylii.com/fsa-store-alternative-options/,https://iq.godaylii.com/articles/fsa-store-alternative-options/
775,FSA Store Reviews: What to Know Before You Buy,https://godaylii.com/fsa-store-reviews-guide/,https://iq.godaylii.com/articles/fsa-store-reviews-guide/
746,FSA Store vs. Amazon: Where Should You Spend FSA Funds?,https://godaylii.com/fsa-store-vs-amazon/,https://iq.godaylii.com/articles/fsa-store-vs-amazon/
996,FSA Telehealth Eligible: What Virtual Care Services Are Covered,https://godaylii.com/fsa-telehealth-eligible-virtual-care-services-guide/,https://iq.godaylii.com/articles/fsa-telehealth-eligible-virtual-care-services-guide/
1005,FSA vs HSA: Key Differences and How to Choose,https://godaylii.com/fsa-vs-hsa-pros-cons-how-to-choose/,https://iq.godaylii.com/articles/fsa-vs-hsa-pros-cons-how-to-choose/
840,Genetic Testing FSA Eligible? 2026 Rules,https://godaylii.com/genetic-testing-fsa-eligible/,https://iq.godaylii.com/articles/genetic-testing-fsa-eligible/
946,"GLP-1 FSA Eligible: Ozempic, Wegovy, and Mounjaro Rules",https://godaylii.com/glp-1-fsa-eligible/,https://iq.godaylii.com/articles/glp-1-fsa-eligible/
336,HSA Eligible Expenses: A Clear & Simple Guide,https://godaylii.com/health-savings-account-expenses/,https://iq.godaylii.com/articles/health-savings-account-expenses/
363,The Ultimate Health Savings Account Store Guide,https://godaylii.com/health-savings-account-store/,https://iq.godaylii.com/articles/health-savings-account-store/
581,Health Savings Account Sunglasses: A Clear Guide,https://godaylii.com/health-savings-account-sunglasses/,https://iq.godaylii.com/articles/health-savings-account-sunglasses/
532,Healthcare Benefits Automation: A Simple Guide,https://godaylii.com/healthcare-benefits-automation/,https://iq.godaylii.com/articles/healthcare-benefits-automation/
522,FSA Eligible Items 2026: Complete Guide to What Qualifies,https://godaylii.com/healthcare-fsa-eligible-items/,https://iq.godaylii.com/articles/healthcare-fsa-eligible-items/
579,A Smart Guide to Healthcare Shopping with FSA Card,https://godaylii.com/healthcare-shopping-fsa-card/,https://iq.godaylii.com/articles/healthcare-shopping-fsa-card/
392,What Is a Healthcare Spending Account? A Simple Guide,https://godaylii.com/healthcare-spending-account-guide/,https://iq.godaylii.com/articles/healthcare-spending-account-guide/
380,How Do HSA Savings Accounts Work? A Beginner’s Guide,https://godaylii.com/how-do-hsa-savings-accounts-work/,https://iq.godaylii.com/articles/how-do-hsa-savings-accounts-work/
530,"How to Find FSA Items on Amazon, The Easy Way",https://godaylii.com/how-to-find-fsa-items/,https://iq.godaylii.com/articles/how-to-find-fsa-items/
490,How to Get Reimbursed From HSA in 4 Simple Steps,https://godaylii.com/how-to-get-reimbursed-hsa/,https://iq.godaylii.com/articles/how-to-get-reimbursed-hsa/
501,A Complete Guide to Maximizing Every Dollar Before Your Deadline (2026),https://godaylii.com/how-to-spend-my-fsa-money/,https://iq.godaylii.com/articles/how-to-spend-my-fsa-money/
669,How to Use a Benefits Card: The Simple Guide,https://godaylii.com/how-to-use-benefits-card/,https://iq.godaylii.com/articles/how-to-use-benefits-card/
567,How to Use FSA Dollars: 5 Smart Spending Ideas,https://godaylii.com/how-to-use-fsa-dollars/,https://iq.godaylii.com/articles/how-to-use-fsa-dollars/
342,Your Complete Guide to the Fidelity HSA Account,https://godaylii.com/hsa-account-fidelity-guide/,https://iq.godaylii.com/articles/hsa-account-fidelity-guide/
374,HSA Account Login Help: Find Links & Fix Issues,https://godaylii.com/hsa-account-login-help/,https://iq.godaylii.com/articles/hsa-account-login-help/
359,HSA Account Rules Explained: A Simple Guide,https://godaylii.com/hsa-account-rules-explained/,https://iq.godaylii.com/articles/hsa-account-rules-explained/
332,HSA Account: What Can You Buy? A Complete Breakdown,https://godaylii.com/hsa-account-what-can-you-buy/,https://iq.godaylii.com/articles/hsa-account-what-can-you-buy/
977,HSA After 65: Medicare and Retirement Spending Rules,https://godaylii.com/hsa-after-65-medicare-rules/,https://iq.godaylii.com/articles/hsa-after-65-medicare-rules/
518,How to Buy an HSA Approved Smart Watch,https://godaylii.com/hsa-approved-smart-watch/,https://iq.godaylii.com/articles/hsa-approved-smart-watch/
412,What Is an HSA Auto Reimbursement System?,https://godaylii.com/hsa-auto-reimbursement-system/,https://iq.godaylii.com/articles/hsa-auto-reimbursement-system/
633,Your Simple Guide to HSA Catch-Up Contributions,https://godaylii.com/hsa-catch-up-contributions/,https://iq.godaylii.com/articles/hsa-catch-up-contributions/
931,HSA Chronic Care Management Guide: IRS Rules and Savings,https://godaylii.com/hsa-chronic-care-management-guide/,https://iq.godaylii.com/articles/hsa-chronic-care-management-guide/
647,The Ultimate HSA Contribution Tax Deduction Guide,https://godaylii.com/hsa-contribution-tax-deduction/,https://iq.godaylii.com/articles/hsa-contribution-tax-deduction/
838,HSA Eligible Blood Pressure Monitor Guide,https://godaylii.com/hsa-eligible-blood-pressure-monitor/,https://iq.godaylii.com/articles/hsa-eligible-blood-pressure-monitor/
677,A Simple Guide to HSA Eligible Blue Light Glasses,https://godaylii.com/hsa-eligible-blue-light-glasses/,https://iq.godaylii.com/articles/hsa-eligible-blue-light-glasses/
639,HSA Eligible Breast Pump: A Simple How-To Guide,https://godaylii.com/hsa-eligible-breast-pump/,https://iq.godaylii.com/articles/hsa-eligible-breast-pump/
651,A Simple Guide to HSA Eligible Compression Socks,https://godaylii.com/hsa-eligible-compression-socks/,https://iq.godaylii.com/articles/hsa-eligible-compression-socks/
843,HSA Eligible CPAP Supplies: What You Can Buy,https://godaylii.com/hsa-eligible-cpap-supplies/,https://iq.godaylii.com/articles/hsa-eligible-cpap-supplies/
1008,HSA Eligible Expenses: Complete Guide to Qualified Medical Costs,https://godaylii.com/hsa-eligible-expenses-complete-guide/,https://iq.godaylii.com/articles/hsa-eligible-expenses-complete-guide/
661,5 Best HSA Eligible First Aid Kits for Home & Travel,https://godaylii.com/hsa-eligible-first-aid-kit/,https://iq.godaylii.com/articles/hsa-eligible-first-aid-kit/
663,The Complete Guide to HSA Eligible Hand Sanitizer,https://godaylii.com/hsa-eligible-hand-sanitizer/,https://iq.godaylii.com/articles/hsa-eligible-hand-sanitizer/
649,HSA Eligible Heating Pad: A Simple Buyer’s Guide,https://godaylii.com/hsa-eligible-heating-pad/,https://iq.godaylii.com/articles/hsa-eligible-heating-pad/
462,"HSA Eligible Humidifier Guide: Which Humidifiers Qualify, When You Need an LMN, and How to Buy With Your HSA (2026)",https://godaylii.com/hsa-eligible-humidifier-guide/,https://iq.godaylii.com/articles/hsa-eligible-humidifier-guide/
711,What Are HSA Eligible Items? A Complete Guide,https://godaylii.com/hsa-eligible-items-explained/,https://iq.godaylii.com/articles/hsa-eligible-items-explained/
422,The Complete Guide to HSA Eligible Items,https://godaylii.com/hsa-eligible-items-guide/,https://iq.godaylii.com/articles/hsa-eligible-items-guide/
708,HSA Eligible Items: Your Guide to What’s Covered,https://godaylii.com/hsa-eligible-items-list/,https://iq.godaylii.com/articles/hsa-eligible-items-list/
715,HSA Eligible Items: The Complete Shopping List,https://godaylii.com/hsa-eligible-items-shopping/,https://iq.godaylii.com/articles/hsa-eligible-items-shopping/
668,6 Best HSA Eligible Prenatal Vitamins to Consider,https://godaylii.com/hsa-eligible-prenatal-vitamins/,https://iq.godaylii.com/articles/hsa-eligible-prenatal-vitamins/
426,Your Simple Guide to HSA Eligible Products,https://godaylii.com/hsa-eligible-products-guide/,https://iq.godaylii.com/articles/hsa-eligible-products-guide/
691,HSA Excess Contribution Correction: A How-To Guide,https://godaylii.com/hsa-excess-contribution-correction/,https://iq.godaylii.com/articles/hsa-excess-contribution-correction/
655,How to Fix an HSA Excess Contribution Penalty,https://godaylii.com/hsa-excess-contribution-penalty/,https://iq.godaylii.com/articles/hsa-excess-contribution-penalty/
659,HSA Family Contribution Limits Explained Simply,https://godaylii.com/hsa-family-contribution-limits/,https://iq.godaylii.com/articles/hsa-family-contribution-limits/
356,HSA Health Savings Account: Your Complete Guide,https://godaylii.com/hsa-health-savings-account-guide/,https://iq.godaylii.com/articles/hsa-health-savings-account-guide/
987,HSA Investing Guide: Grow Your Health Savings for Retirement,https://godaylii.com/hsa-investing-guide/,https://iq.godaylii.com/articles/hsa-investing-guide/
404,Smarter HSA Management: Your Step-by-Step Guide,https://godaylii.com/hsa-management-guide/,https://iq.godaylii.com/articles/hsa-management-guide/
926,HSA Management for TPAs: Automated Reimbursement Workflows,https://godaylii.com/hsa-management-tpa-automated-reimbursement-workflows/,https://iq.godaylii.com/articles/hsa-management-tpa-automated-reimbursement-workflows/
794,HSA Reimbursement Rules: Receipts and Eligible Expenses,https://godaylii.com/hsa-reimbursement-rules/,https://iq.godaylii.com/articles/hsa-reimbursement-rules/
951,HSA Self-Employed Tax Savings: A Guide for Freelancers,https://godaylii.com/hsa-self-employed-maximize-tax-savings/,https://iq.godaylii.com/articles/hsa-self-employed-maximize-tax-savings/
863,HSA Store Alternatives for Smarter Eligible Spending,https://godaylii.com/hsa-store-alternatives/,https://iq.godaylii.com/articles/hsa-store-alternatives/
675,HSA Tax Form 8889: A Simple Guide for Filers,https://godaylii.com/hsa-tax-form-8889-guide/,https://iq.godaylii.com/articles/hsa-tax-form-8889-guide/
673,HSA Versus PPO Plan: Which Should You Choose?,https://godaylii.com/hsa-versus-ppo-plan/,https://iq.godaylii.com/articles/hsa-versus-ppo-plan/
347,HSA vs FSA: Which Healthcare Account Saves You More in 2025?,https://godaylii.com/hsa-vs-fsa-comparison-2025/,https://iq.godaylii.com/articles/hsa-vs-fsa-comparison-2025/
474,HSA Eligible Workout Equipment: What Qualifies in 2026,https://godaylii.com/hsa-workout-equipment-guide/,https://iq.godaylii.com/articles/hsa-workout-equipment-guide/
917,How to Use Your Instacart FSA Card for Same-Day Delivery,https://godaylii.com/instacart-fsa-card-same-day-delivery-guide/,https://iq.godaylii.com/articles/instacart-fsa-card-same-day-delivery-guide/
621,How Instant FSA Reimbursement Actually Works,https://godaylii.com/instant-fsa-reimbursement-guide/,https://iq.godaylii.com/articles/instant-fsa-reimbursement-guide/
859,Is Acupuncture HSA Eligible? Payment Rules,https://godaylii.com/is-acupuncture-hsa-eligible/,https://iq.godaylii.com/articles/is-acupuncture-hsa-eligible/
868,Is Chiropractic Care HSA Eligible? What to Pay For,https://godaylii.com/is-chiropractic-care-hsa-eligible/,https://iq.godaylii.com/articles/is-chiropractic-care-hsa-eligible/
934,Is the Oura Ring FSA Eligible? A Complete Smart Wearable Guide,https://godaylii.com/is-oura-ring-fsa-eligible/,https://iq.godaylii.com/articles/is-oura-ring-fsa-eligible/
748,Your Guide to Letter of Medical Necessity Requirements,https://godaylii.com/letter-medical-necessity-requirements/,https://iq.godaylii.com/articles/letter-medical-necessity-requirements/
643,Your Letter of Medical Necessity Template & Guide,https://godaylii.com/letter-medical-necessity-template/,https://iq.godaylii.com/articles/letter-medical-necessity-template/
434,Letter of Medical Necessity HSA: How to Get One,https://godaylii.com/letter-of-medical-necessity-hsa/,https://iq.godaylii.com/articles/letter-of-medical-necessity-hsa/
743,Letter of Medical Necessity Template FSA (Free Download),https://godaylii.com/letter-of-medical-necessity-template-fsa/,https://iq.godaylii.com/articles/letter-of-medical-necessity-template-fsa/
731,Letter of Medical Necessity Template HSA: A Full Guide,https://godaylii.com/letter-of-medical-necessity-template-hsa/,https://iq.godaylii.com/articles/letter-of-medical-necessity-template-hsa/
552,6 Key Machine Learning in Health Benefits to Know,https://godaylii.com/machine-learning-health-benefits/,https://iq.godaylii.com/articles/machine-learning-health-benefits/
915,Is a Medical Alert Bracelet FSA Eligible? IRS Rules,https://godaylii.com/medical-alert-bracelet-fsa-eligible/,https://iq.godaylii.com/articles/medical-alert-bracelet-fsa-eligible/
683,5 Medical Necessity Documentation Examples That Work,https://godaylii.com/medical-necessity-documentation-examples/,https://iq.godaylii.com/articles/medical-necessity-documentation-examples/
963,Mental Health Apps FSA Eligible: Complete Rules and Guide,https://godaylii.com/mental-health-apps-fsa-eligible/,https://iq.godaylii.com/articles/mental-health-apps-fsa-eligible/
526,What Happens to Unused FSA Money?,https://godaylii.com/money-in-fsa-unused/,https://iq.godaylii.com/articles/money-in-fsa-unused/
627,FSA Nondiscrimination Testing: A Step-by-Step Guide,https://godaylii.com/nondiscrimination-testing-for-fsa/,https://iq.godaylii.com/articles/nondiscrimination-testing-for-fsa/
558,5 Platforms Bundling Product Reviews & HSA/FSA Eligibility,https://godaylii.com/platforms-bundling-product-reviews/,https://iq.godaylii.com/articles/platforms-bundling-product-reviews/
687,What Is a Pre-Tax Health Account? A Simple Guide,https://godaylii.com/pre-tax-health-account/,https://iq.godaylii.com/articles/pre-tax-health-account/
596,How Predictive Healthcare Spending Insights Lower Costs,https://godaylii.com/predictive-healthcare-spending-insights/,https://iq.godaylii.com/articles/predictive-healthcare-spending-insights/
507,"Do You Have to Report FSA on Taxes? Yes, Here’s How",https://godaylii.com/report-fsa-on-taxes/,https://iq.godaylii.com/articles/report-fsa-on-taxes/
562,4 Places for Same-Day Delivery FSA Products,https://godaylii.com/same-day-delivery-fsa/,https://iq.godaylii.com/articles/same-day-delivery-fsa/
685,How to Save Receipts for HSA the Right Way,https://godaylii.com/save-receipts-for-hsa/,https://iq.godaylii.com/articles/save-receipts-for-hsa/
592,Shop FSA Eligible Items: The Ultimate List,https://godaylii.com/shop-fsa-eligible-items/,https://iq.godaylii.com/articles/shop-fsa-eligible-items/
542,A Guide to Finding the Best Smart FSA HSA App,https://godaylii.com/smart-fsa-hsa-app-guide/,https://iq.godaylii.com/articles/smart-fsa-hsa-app-guide/
713,Your Smart Shopping List of HSA Eligible Items,https://godaylii.com/smart-hsa-eligible-items/,https://iq.godaylii.com/articles/smart-hsa-eligible-items/
697,Key Summary Plan Description Requirements to Know,https://godaylii.com/summary-plan-description-requirements/,https://iq.godaylii.com/articles/summary-plan-description-requirements/
727,8 FSA Store Alternative Options for Smart Spending,https://godaylii.com/top-fsa-store-alternative/,https://iq.godaylii.com/articles/top-fsa-store-alternative/
729,FSA Store Alternatives for Smarter FSA/HSA Spending,https://godaylii.com/top-fsa-store-alternatives/,https://iq.godaylii.com/articles/top-fsa-store-alternatives/
338,Your Simple WageWorks Flexible Spending Account Login Guide,https://godaylii.com/wageworks-flexible-spending-account-login/,https://iq.godaylii.com/articles/wageworks-flexible-spending-account-login/
590,The Best Walmart FSA Eligible Products to Buy,https://godaylii.com/walmart-fsa-eligible-products/,https://iq.godaylii.com/articles/walmart-fsa-eligible-products/
788,Walmart HSA Eligible Items: A Smart Shopper’s Guide,https://godaylii.com/walmart-hsa-eligible-items/,https://iq.godaylii.com/articles/walmart-hsa-eligible-items/
476,What Are FSA Benefits? A Simple Guide to Saving Money,https://godaylii.com/what-are-fsa-benefits/,https://iq.godaylii.com/articles/what-are-fsa-benefits/
414,What Are Qualified FSA Expenses? A Clear Breakdown,https://godaylii.com/what-are-qualified-fsa-expenses/,https://iq.godaylii.com/articles/what-are-qualified-fsa-expenses/
361,What Are the Benefits of an FSA? A Complete Guide,https://godaylii.com/what-are-the-benefits-of-a-fsa/,https://iq.godaylii.com/articles/what-are-the-benefits-of-a-fsa/
328,What Can You Buy With a Health Savings Account?,https://godaylii.com/what-buy-health-savings/,https://iq.godaylii.com/articles/what-buy-health-savings/
464,What Can I Buy With HSA? Surprising Everyday Items,https://godaylii.com/what-can-i-buy-hsa-list/,https://iq.godaylii.com/articles/what-can-i-buy-hsa-list/
447,What Can I Buy With My HSA Card? The 2025 Guide,https://godaylii.com/what-can-i-buy-hsa/,https://iq.godaylii.com/articles/what-can-i-buy-hsa/
494,What Can I Buy With My HSA? A Simple Guide,https://godaylii.com/what-can-i-buy-with-hsa/,https://iq.godaylii.com/articles/what-can-i-buy-with-hsa/
330,What Can I Spend My FSA On? A Complete Guide,https://godaylii.com/what-can-i-spend-flexible-spending-account-on/,https://iq.godaylii.com/articles/what-can-i-spend-flexible-spending-account-on/
800,What Can I Use My FSA Card For? A Practical 2026 Guide,https://godaylii.com/what-can-i-use-my-fsa-card-for/,https://iq.godaylii.com/articles/what-can-i-use-my-fsa-card-for/
499,What Can I Use My FSA On? The Ultimate Guide,https://godaylii.com/what-can-i-use-my-fsa-on/,https://iq.godaylii.com/articles/what-can-i-use-my-fsa-on/
486,What Can You Purchase With an HSA? A Simple Guide,https://godaylii.com/what-can-you-purchase-hsa/,https://iq.godaylii.com/articles/what-can-you-purchase-hsa/
497,What Happens to Your FSA Money If Not Used?,https://godaylii.com/what-happens-fsa-unused/,https://iq.godaylii.com/articles/what-happens-fsa-unused/
505,What Happens to FSA If You Leave Company: A Guide,https://godaylii.com/what-happens-to-fsa-leave-company/,https://iq.godaylii.com/articles/what-happens-to-fsa-leave-company/
488,What Happens to My FSA If I Get Laid Off?,https://godaylii.com/what-happens-to-my-fsa/,https://iq.godaylii.com/articles/what-happens-to-my-fsa/
334,What is an HSA Account? A Guide to Smarter Health Savings,https://godaylii.com/what-is-a-hsa-account/,https://iq.godaylii.com/articles/what-is-a-hsa-account/
302,What Is an HSA Account? A Plain-English Guide,https://godaylii.com/what-is-an-hsa-account/,https://iq.godaylii.com/articles/what-is-an-hsa-account/
449,What is FSA Health Care and How Does It Work?,https://godaylii.com/what-is-fsa-healthcare/,https://iq.godaylii.com/articles/what-is-fsa-healthcare/
528,What Products Are FSA Eligible? A Simple Guide,https://godaylii.com/what-products-are-fsa-eligible/,https://iq.godaylii.com/articles/what-products-are-fsa-eligible/
410,Where to Spend FSA HSA Funds: A Smart Shopper’s Guide,https://godaylii.com/where-to-spend-fsa-hsa/,https://iq.godaylii.com/articles/where-to-spend-fsa-hsa/
772,Who Can Write a Letter of Medical Necessity? A Clear Guide,https://godaylii.com/who-can-write-letter-medical-necessity/,https://iq.godaylii.com/articles/who-can-write-letter-medical-necessity/
